Ambient_Temperature_C,Age_yr,Maintenance_Count,No_of_Short_Circuits,Outages_hours_per_year,Current_A,Voltage_kV,Predicted_Hot_Spot_Temperature,Predicted_Acidity,Predicted_Moisture_Content,Predicted_Breakdown_Voltage,Predicted_Oil_Health_Score,Predicted_H2_ppm,Predicted_CH4_ppm,Predicted_C2H4_ppm,Predicted_C2H6_ppm,Predicted_C2H2_ppm,Predicted_CO_ppm,Predicted_CO2_ppm,Score_Ambient_Temp,Score_Age,Score_Maintenance,Score_ShortCircuit,Score_Hotspot,Score_Acidity,Score_Moisture,Score_BDV,Score_Oil,Score_H2,Score_CH4,Score_C2H4,Score_C2H6,Score_C2H2,Score_CO,Score_CO2,Health_Index,
23.49,29,4,2,79.85,198.48,10.2,40.19376373,0.723451316,29.73191071,37.33773804,51.9821434,119.9596939,57.77509308,21.31222725,38.59448624,46.70929337,512.1062622,3122.302734,1,3,3,2,1,4,3,3,3,2,2,1,1,3,2,2,57.33,
33.44,29,4,2,79.85,239.79,11.42,43.25723267,0.727721632,31.31271553,38.02301407,51.06721115,132.1483459,75.913414,24.25418091,41.71228409,47.82665253,552.3121948,3115.483643,2,3,3,2,1,4,4,3,3,2,2,1,1,3,2,2,51.33,
31.7,29,4,2,79.85,189.57,11.49,42.91765213,0.719604313,30.02602386,38.29827118,52.96559143,134.8696747,66.39863586,23.03833771,47.20893478,51.71570969,538.9541016,2959.540771,2,3,3,2,1,4,4,3,3,2,2,1,1,4,2,2,49.67,
18.58,29,4,2,79.85,182.38,10.63,39.68011856,0.723736823,31.22759056,37.28390503,53.13617325,118.4645157,58.79652786,19.11408424,42.30545425,52.36141968,544.2487793,3098.922852,1,3,3,2,1,4,4,3,3,2,2,1,1,4,2,2,53,
27.66,29,4,2,79.85,170.44,11.2,39.85808182,0.713694632,31.41890526,37.93523788,51.17602158,119.8853073,58.54774475,16.4373455,43.91433716,46.94127655,584.7521973,3221.469727,2,3,3,2,1,4,4,3,3,2,2,1,1,3,3,2,50.33,
28.93,29,4,2,79.85,216.12,11.17,40.09852219,0.721263766,29.3295536,38.37296677,55.5353775,129.0713654,59.41342545,17.84511375,42.54154968,52.96512604,522.0026855,3095.887451,2,3,3,2,1,4,3,3,3,2,2,1,1,4,2,2,52.33,
30.9,29,4,2,79.85,127.9,11.78,42.50637817,0.719637215,31.26475716,38.74694061,55.23926926,114.6699295,65.36856079,25.33576393,46.668293,53.09236908,547.1802368,3033.103271,2,3,3,2,1,4,4,3,3,2,2,1,1,4,2,2,49.67,
25.7,29,4,2,79.85,174.84,10.49,39.76982117,0.718462527,30.57689095,37.93117905,52.33171844,119.820549,64.41722107,21.92503929,44.08533859,47.53786469,514.6668701,3231.719482,2,3,3,2,1,4,4,3,3,2,2,1,1,3,2,2,51.33,
31.22,29,4,2,79.85,205.37,10.6,42.57244492,0.724803925,28.54320335,38.15606308,51.49915314,126.9569778,61.78919983,28.02894974,42.6223793,49.72056961,524.1741333,2949.670898,2,3,3,2,1,4,3,3,3,2,2,1,1,3,2,2,54,
22.75,29,4,2,79.85,146.04,11.67,40.00449753,0.71947974,31.38646889,38.21904755,54.02996063,113.5721817,61.82808685,35.24771118,38.88790512,49.82402039,528.572937,3058.659424,1,3,3,2,1,4,4,3,3,2,2,1,1,3,2,2,54.67,
27.78,29,4,2,79.85,192.23,10.01,39.85946274,0.720153451,30.87448692,38.16483307,52.8277092,117.0629654,74.11112976,6.089795589,42.61066055,51.00217438,539.7121582,3230.647461,2,3,3,2,1,4,4,3,3,2,2,1,1,4,2,2,49.67,
23.21,29,4,2,79.85,191.46,11.18,40.4235878,0.725036263,30.40887642,38.48746109,51.70438004,110.507225,50.93148422,20.479496,49.63975906,46.73434067,506.2006836,3109.467041,1,3,3,2,1,4,4,3,3,2,2,1,1,3,2,2,54.67,
30.23,29,4,2,79.85,260.82,10.29,41.69123077,0.721674144,30.46534538,38.57224274,54.22837448,110.715889,57.59244537,20.86003876,45.49471283,49.65413284,540.4911499,3050.854492,2,3,3,2,1,4,4,3,3,2,2,1,1,3,2,2,51.33,
38.61,29,4,2,79.85,197.72,10.74,49.1898613,0.729280472,30.48692703,37.86363983,51.89797974,116.7295837,72.74705505,40.65537262,44.42331696,52.64199829,569.8168945,3318.397461,3,3,3,2,1,4,4,3,3,2,2,1,1,4,2,2,46.33,
43.71,29,4,2,79.85,243.91,11.49,54.74436188,0.729060709,29.62569809,36.93193054,51.55192566,132.4672546,72.4078598,43.83230591,38.67461777,53.53562927,531.4500732,3191.126953,3,3,3,2,1,4,3,3,3,2,2,1,1,4,2,2,49,
26.48,29,4,2,79.85,103.24,9.56,40.15299606,0.718318641,32.15702438,37.36584854,49.42694092,123.5903854,56.83607864,30.69702721,50.3175621,50.9228363,545.425415,3062.045166,2,3,3,2,1,4,4,3,3,2,2,1,1,4,2,2,49.67,
25.64,29,4,2,79.85,145.44,10.55,40.42028809,0.721897244,30.2870903,38.42613983,50.90090942,99.08241272,51.56348419,21.00704575,50.79870605,50.15533829,558.3060913,2986.38208,2,3,3,2,1,4,4,3,3,1,2,1,1,4,2,2,51,
32.11,29,4,2,79.85,152.37,10.81,42.65757751,0.728166282,29.75363922,39.2876091,52.93624115,118.9982452,67.85774231,31.96648598,42.0147171,48.96868515,525.3366089,3182.165771,2,3,3,2,1,4,3,3,3,2,2,1,1,3,2,2,54,
32.48,29,4,2,79.85,265.46,11.52,44.59683609,0.712420344,31.33416748,37.69639587,53.98257828,119.1401901,65.99372864,25.74746895,44.20025253,53.33569336,519.4644775,3118.768555,2,3,3,2,1,4,4,3,3,2,2,1,1,4,2,2,49.67,
28.67,29,4,2,79.85,148.22,10.47,40.00090027,0.729384899,31.61073685,37.93337631,53.88521576,100.9639206,61.59471893,22.85868263,42.97735214,50.05527878,537.4348755,3100.07959,2,3,3,2,1,4,4,3,3,2,2,1,1,4,2,2,49.67,
31.77,29,4,2,79.85,85.09,10.89,42.47946548,0.725144207,30.35222244,38.30398941,55.18391418,136.9947205,70.93979645,25.60488319,47.57190704,49.64603806,602.8549194,3075.963623,2,3,3,2,1,4,4,3,3,2,2,1,1,3,3,2,50.33,
33.41,29,4,2,79.85,266.42,11.25,42.92925644,0.722447872,30.31269264,37.17910767,52.99171829,123.7818298,64.18788147,27.70775604,45.69610596,51.91738129,534.5582886,3162.845947,2,3,3,2,1,4,4,3,3,2,2,1,1,4,2,2,49.67,
21.02,29,4,2,79.85,278.27,11.15,39.91214371,0.727217734,30.46042061,38.06151581,53.61209106,125.1646881,70.36865234,26.38000488,38.620327,52.81191254,532.8587646,3045.760742,1,3,3,2,1,4,4,3,3,2,2,1,1,4,2,2,53,
23.75,29,4,2,79.85,176.07,11.16,39.95331573,0.722225785,30.66056252,38.49261093,53.37288284,116.0555038,54.86275482,24.1602478,40.8993454,50.63464355,516.4468384,3127.09082,1,3,3,2,1,4,4,3,3,2,2,1,1,4,2,2,53,
33.64,29,4,2,79.85,207.6,10.35,45.49962234,0.726444781,30.32055664,38.73134232,53.1262207,130.7890625,68.4148941,34.38897324,43.84923172,49.82056046,558.8956299,3147.785645,2,3,3,2,1,4,4,3,3,2,2,1,1,3,2,2,51.33,
25.03,29,4,2,79.85,236.41,10.85,40.24891663,0.72451669,30.36300087,37.73417282,54.15916443,122.7630692,53.65372086,26.95124245,46.9951973,51.57794952,523.9500122,3170.732178,2,3,3,2,1,4,4,3,3,2,2,1,1,4,2,2,49.67,
38.63,29,4,2,79.85,185.05,11.1,49.69791031,0.730228782,28.94893646,38.56832504,51.07071686,114.9569626,86.5104599,41.37504578,50.27449417,54.70578766,551.6488037,3108.996094,3,3,3,2,1,4,3,3,3,2,2,1,1,4,2,2,49,
27.1,29,4,2,79.85,228,11.44,40.35696793,0.718799591,29.53480911,38.11698151,52.88073349,115.9014282,45.41265869,19.6528759,43.16675568,52.26654434,562.463501,3126.706055,2,3,3,2,1,4,3,3,3,2,1,1,1,4,2,2,53.67,
27.21,29,4,2,79.85,239.06,10.65,40.55146027,0.724203765,30.4293251,38.85692596,52.83528137,132.2277527,67.32419586,27.05317688,43.99214172,51.10723495,521.7060547,2982.66333,2,3,3,2,1,4,4,3,3,2,2,1,1,4,2,2,49.67,
29.91,29,4,2,79.85,207.19,10.81,42.57722855,0.720932245,30.21261406,38.05673599,53.6422348,113.0986938,65.72032928,26.19888878,44.02871704,54.53089905,544.1370239,3159.468018,2,3,3,2,1,4,4,3,3,2,2,1,1,4,2,2,49.67,
33.43,29,4,2,79.85,289.98,11.31,43.23385239,0.73058331,30.35851669,39.02713013,51.58893967,135.5342865,64.29489899,23.47945404,39.6098175,49.56949997,500.7128296,3114.302002,2,3,3,2,1,4,4,3,3,2,2,1,1,3,2,2,51.33,
29.73,29,4,2,79.85,231.39,11.56,40.95812607,0.724270284,29.88064957,38.6677742,55.06586838,116.5032806,64.40046692,26.33473206,42.12539291,50.89698029,525.8494263,3056.264893,2,3,3,2,1,4,3,3,3,2,2,1,1,4,2,2,52.33,
27.45,29,4,2,79.85,256.68,10.77,39.8296814,0.722851872,30.78536415,37.57404709,51.70926285,114.1895142,57.27014542,22.76545715,45.19595337,53.47484589,502.1239319,3036.981689,2,3,3,2,1,4,4,3,3,2,2,1,1,4,2,2,49.67,
35.54,29,4,2,79.85,168.04,11.1,47.02368164,0.735090375,30.79817772,38.40192413,51.95313644,120.1203232,71.66636658,41.34605026,46.63174057,51.70480347,578.7661133,3039.031738,3,3,3,2,1,4,4,3,3,2,2,1,1,4,3,2,45.33,
30.81,29,4,2,79.85,182.59,11.27,41.62601852,0.71933645,29.29367447,38.43263626,55.19045639,121.0789642,58.75774384,28.41006088,50.81930542,49.98326111,518.3158569,3009.903076,2,3,3,2,1,4,3,3,3,2,2,1,1,3,2,2,54,
26.7,29,4,2,79.85,256.06,10.94,40.16671371,0.722061753,30.71162033,37.99287796,54.071064,123.0418625,59.28327942,24.44202614,50.6310997,52.953228,522.9190063,3038.003174,2,3,3,2,1,4,4,3,3,2,2,1,1,4,2,2,49.67,
27.48,29,4,2,79.85,171.16,10.79,39.97806168,0.72050041,30.06920433,37.81578827,54.65766144,126.7308197,63.95808029,27.63639641,44.84820175,52.68322754,506.9542542,2951.470703,2,3,3,2,1,4,4,3,3,2,2,1,1,4,2,2,49.67,
33.64,29,4,2,79.85,171.27,11.21,44.67321396,0.726445735,30.70425606,37.47757339,50.05863953,138.2825012,63.30978775,33.26024628,44.85652542,49.55358124,566.4017944,3214.739746,2,3,3,2,1,4,4,3,3,2,2,1,1,3,2,2,51.33,
25.78,29,4,2,79.85,238.06,10.46,40.48617172,0.721451104,30.50111961,38.14068985,51.60153961,140.8238373,62.43637466,21.04426384,42.05557632,50.05913925,540.156189,2941.450439,2,3,3,2,1,4,4,3,3,2,2,1,1,4,2,2,49.67,
38.04,29,4,2,79.85,302.92,10.88,48.99184418,0.728380084,31.40124512,38.26116943,51.58010864,130.874176,81.02702332,36.85431671,42.460495,49.15098953,556.8853149,3351.712646,3,3,3,2,1,4,4,3,3,2,2,1,1,3,2,2,48,
36.54,29,4,2,79.85,174.25,11.09,49.2273941,0.733669996,30.26463318,38.4720459,51.29068375,125.7110291,71.26081085,38.2766571,51.74820709,50.31093979,565.369873,3256.876709,3,3,3,2,1,4,4,3,3,2,2,1,1,4,2,2,46.33,
30.81,29,4,2,79.85,193.35,10.1,42.57540894,0.721506,30.78203583,38.78629303,54.6344986,115.7133255,73.23395538,20.02803993,43.26477051,50.39021301,566.5274658,3067.684814,2,3,3,2,1,4,4,3,3,2,2,1,1,4,2,2,49.67,
28.91,29,4,2,79.85,221.75,10.54,40.34307098,0.721318543,30.4093647,38.73711395,53.33725739,125.3090134,64.39517212,21.80092621,40.06759262,50.27020645,492.8859863,3273.682373,2,3,3,2,1,4,4,3,3,2,2,1,1,4,2,2,49.67,
28.77,29,4,2,79.85,221.76,11.4,40.65097427,0.723830223,30.27612877,38.09176636,52.93506622,126.336113,56.12850952,25.25629997,41.43321609,54.96063614,530.9690552,2885.530273,2,3,3,2,1,4,4,3,3,2,2,1,1,4,2,2,49.67,
29.35,29,4,2,79.85,187.87,11.8,39.7153244,0.727437377,30.40675735,37.74438858,51.63144302,115.821579,67.16801453,17.744133,45.72528839,53.98659134,509.739624,2972.830322,2,3,3,2,1,4,4,3,3,2,2,1,1,4,2,2,49.67,
41.09,29,4,2,79.85,229.72,9.99,52.18619919,0.730909109,30.35807037,38.69797516,51.95082855,141.494751,73.19581604,42.20521164,46.06917191,55.84448242,534.3135986,3309.688965,3,3,3,2,1,4,4,3,3,2,2,1,1,4,2,2,46.33,
29.42,29,4,2,79.85,172.62,10.67,40.13251495,0.71571058,30.80518532,37.629673,53.41179276,124.2024002,73.49674225,25.92158318,41.93843842,51.15986633,537.399231,3058.944824,2,3,3,2,1,4,4,3,3,2,2,1,1,4,2,2,49.67,
32.24,29,4,2,79.85,178.07,11.27,42.5104599,0.718320131,29.66616249,37.098629,53.76684952,127.7063065,69.44255829,33.06219101,46.12908936,49.30418777,542.1329346,3076.612305,2,3,3,2,1,4,3,3,3,2,2,1,1,3,2,2,54,
21.21,29,4,2,79.85,107.67,11.06,40.03491592,0.741428256,29.9419117,37.35963058,52.76089859,123.8728867,66.02613068,24.73307037,41.08311844,51.94818497,567.6608276,3071.806152,1,3,3,2,1,4,3,3,3,2,2,1,1,4,2,2,55.67,
31.33,29,4,2,79.85,118.85,10.99,42.35913467,0.715179086,30.63549995,37.55202103,51.86879349,112.5840912,67.26856232,19.91292953,39.55854416,53.15282059,536.6176147,3123.343506,2,3,3,2,1,4,4,3,3,2,2,1,1,4,2,2,49.67,
31.58,29,4,2,79.85,235.48,11.29,42.57814789,0.720547855,29.65157318,37.31487656,52.47118759,109.9300537,54.90641403,27.89808464,41.40301514,51.26980972,509.3674622,3112.536133,2,3,3,2,1,4,3,3,3,2,2,1,1,4,2,2,52.33,
32.48,29,4,2,79.85,330.27,10.12,40.73887253,0.723705351,29.73645592,37.5243988,50.05056763,125.7948303,70.96178436,20.06330681,38.91064835,53.71406174,537.7084351,3307.54126,2,3,3,2,1,4,3,3,3,2,2,1,1,4,2,2,52.33,
32.71,29,4,2,79.85,182.93,10.74,44.0071907,0.725307643,31.01243782,38.09837723,52.17437363,119.3910828,65.64575958,33.20704269,45.66108704,49.95576477,543.4467163,2995.632324,2,3,3,2,1,4,4,3,3,2,2,1,1,3,2,2,51.33,
22.62,29,4,2,79.85,303.37,10.59,40.02050781,0.718494833,30.72992134,37.54399872,53.46403503,94.50932312,66.35159302,19.6961937,39.04325485,47.31684875,561.4342041,3072.28125,1,3,3,2,1,4,4,3,3,1,2,1,1,3,2,2,56,
29.81,29,4,2,79.85,226.65,11.09,41.85209656,0.723735571,31.02046967,38.01780701,52.40452957,116.0846405,62.89029694,26.0688591,43.96211243,50.06626511,543.0776978,2964.812256,2,3,3,2,1,4,4,3,3,2,2,1,1,4,2,2,49.67,
25.59,29,4,2,79.85,177.92,10.62,40.17245483,0.719537139,31.51744843,37.67107773,52.85797119,116.948143,62.24185562,24.36429024,42.04182816,51.41529083,556.9567871,3249.752441,2,3,3,2,1,4,4,3,3,2,2,1,1,4,2,2,49.67,
30.92,29,4,2,79.85,202.41,10.6,41.69393158,0.726093054,30.99630547,37.99479294,51.53475571,130.4745636,70.76346588,28.21892929,42.9490242,51.8393898,569.6591187,3053.962646,2,3,3,2,1,4,4,3,3,2,2,1,1,4,2,2,49.67,
26.24,29,4,2,79.85,172.55,11.43,40.32852554,0.713585258,31.00034904,37.94639587,52.93782043,129.7430725,78.36977386,22.92908669,45.6569252,50.197258,551.0733032,3133.078613,2,3,3,2,1,4,4,3,3,2,2,1,1,4,2,2,49.67,
29.17,29,4,2,79.85,217.59,10.63,40.71414185,0.717967272,30.30042648,38.84367752,52.0389061,119.1654358,67.09024811,20.98340416,44.47551727,47.78673935,519.8716431,3140.347656,2,3,3,2,1,4,4,3,3,2,2,1,1,3,2,2,51.33,
42.07,29,4,2,79.85,166.94,10.58,53.31429291,0.73153013,31.07881165,38.74997711,51.20984268,129.8106232,83.46561432,60.16277313,51.53071976,54.40309906,606.6932983,3309.828613,3,3,3,2,1,4,4,3,3,2,2,2,1,4,3,2,44,
29.79,29,4,2,79.85,185.16,11.45,40.96197891,0.725422502,30.38807297,37.84894562,53.58579636,122.9078064,59.58949661,20.96521759,46.51042557,53.95676804,507.6744385,3156.055664,2,3,3,2,1,4,4,3,3,2,2,1,1,4,2,2,49.67,
31.75,29,4,2,79.85,191.2,11.61,42.81964111,0.721679986,29.99116898,37.56987762,54.50424194,121.7033157,63.32261658,32.93457794,48.45877457,51.79492188,542.8451538,2969.330078,2,3,3,2,1,4,3,3,3,2,2,1,1,4,2,2,52.33,
31.93,29,4,2,79.85,171.25,10.09,41.52720642,0.725235343,30.46489525,38.05366516,53.65550232,140.0170746,73.01799774,30.19690323,34.14141464,49.99126816,551.2091064,3177.831055,2,3,3,2,1,4,4,3,3,2,2,1,1,3,2,2,51.33,
37.5,29,4,2,79.85,208.9,11.14,49.08476639,0.736894608,31.53403854,38.30861282,54.91649246,121.5376205,73.00498199,35.40491486,45.86700439,58.32977295,565.2233276,3397.313965,3,3,3,2,1,4,4,3,3,2,2,1,1,4,2,2,46.33,
35.76,29,4,2,79.85,202.84,11.05,46.39749908,0.731613874,29.62742615,38.54410553,51.3822403,122.2926788,64.25899506,31.61244202,45.7650528,50.55155945,532.3759155,3195.108398,3,3,3,2,1,4,3,3,3,2,2,1,1,4,2,2,49,
33.27,29,4,2,79.85,203.8,10.93,44.41801453,0.722737789,31.44549942,38.28781128,53.75003433,123.657486,64.54221344,32.28580856,48.08214951,53.94337463,523.2506104,3116.212646,2,3,3,2,1,4,4,3,3,2,2,1,1,4,2,2,49.67,
23.38,29,4,2,79.85,172.57,10.34,39.45449829,0.721650422,30.20684433,37.11669159,52.59468842,126.208931,63.34474945,21.36665726,45.13378906,50.87514877,530.3668213,2935.323975,1,3,3,2,1,4,4,3,3,2,2,1,1,4,2,2,53,
23.52,29,4,2,79.85,178.48,10.68,40.43809891,0.714834988,30.33245659,37.51181793,52.08433914,127.6832733,69.49599457,15.98206139,40.03275299,50.99340057,541.7454834,3095.214355,1,3,3,2,1,4,4,3,3,2,2,1,1,4,2,2,53,
31.01,29,4,2,79.85,169.9,10.44,41.77138901,0.72232455,30.3776989,37.77338028,52.93209839,125.6019287,59.25843811,28.04874992,45.21374893,50.51795578,540.079834,3077.075684,2,3,3,2,1,4,4,3,3,2,2,1,1,4,2,2,49.67,
28.69,29,4,2,79.85,152.85,11.8,40.70888138,0.726933658,31.49437332,38.29509735,53.84345627,116.4615402,64.82039642,24.31582451,42.68822479,50.71128464,523.0352783,3111.80127,2,3,3,2,1,4,4,3,3,2,2,1,1,4,2,2,49.67,
36.43,29,4,2,79.85,149.43,11.33,48.36639404,0.724292397,29.30039406,38.39044189,52.18297577,115.7508698,81.91706848,35.71848679,48.70080566,53.14857864,582.4981689,3107.443115,3,3,3,2,1,4,3,3,3,2,2,1,1,4,3,2,48,
31.64,29,4,2,79.85,247.4,10.78,41.84923553,0.721038997,30.14842415,37.37489319,51.82906723,116.213562,53.95900345,23.58493042,46.54440308,49.66764069,520.1223145,3084.191895,2,3,3,2,1,4,4,3,3,2,2,1,1,3,2,2,51.33,
34.78,29,4,2,79.85,239.62,10.33,45.24517822,0.726044714,29.75557137,38.70939255,54.07985306,134.3422699,68.63681793,33.21031189,51.51847839,51.17338562,521.7945557,3266.918701,2,3,3,2,1,4,3,3,3,2,2,1,1,4,2,2,52.33,
26.08,29,4,2,79.85,189.2,10.75,40.29673386,0.727468789,30.3507843,38.82764816,53.48626709,123.6570358,58.39621353,27.10940742,43.83982849,51.6571579,518.5363159,3121.446289,2,3,3,2,1,4,4,3,3,2,2,1,1,4,2,2,49.67,
21.89,29,4,2,79.85,245.5,10.42,40.0023613,0.726255476,30.3375473,38.63687134,54.3037262,122.3127899,71.58750916,18.63088036,44.04434586,47.01908493,533.1295776,2980.641357,1,3,3,2,1,4,4,3,3,2,2,1,1,3,2,2,54.67,
24.44,29,4,2,79.85,148.27,11.55,39.91261292,0.717034161,30.17901611,38.27563477,54.91238785,106.7490005,58.43483353,26.04976082,45.63601685,50.65603638,523.5159912,2955.62915,1,3,3,2,1,4,4,3,3,2,2,1,1,4,2,2,53,
38.11,29,4,2,79.85,193.32,11.68,50.19419479,0.740249217,30.7148056,37.55146027,47.66260529,123.6391907,67.95349121,39.01958847,44.85138702,54.35958099,587.8884888,3355.614746,3,3,3,2,1,4,4,3,3,2,2,1,1,4,3,2,45.33,
29.51,29,4,2,79.85,160.05,10.74,40.60386276,0.724117815,30.24781799,38.45685959,52.8021431,127.5060349,70.09545135,25.65822601,41.64787674,49.5847702,544.0391235,3094.873291,2,3,3,2,1,4,4,3,3,2,2,1,1,3,2,2,51.33,
41.49,29,4,2,79.85,179.84,10.17,53.65382004,0.73335427,30.58654022,38.16311264,51.87228775,118.8712997,102.0447159,56.9286499,47.86283493,52.53510666,624.6181641,3417.923828,3,3,3,2,1,4,4,3,3,2,2,2,1,4,3,2,44,
38.05,29,4,2,79.85,250.92,10.06,48.51893997,0.725266218,30.22004318,37.69581985,51.36445236,121.9648361,62.78735733,37.73657608,43.22953415,56.85467911,551.541748,3258.378174,3,3,3,2,1,4,4,3,3,2,2,1,1,4,2,2,46.33,
28.38,29,4,2,79.85,216.65,11.49,40.11207199,0.7202667,28.84206009,38.7531395,57.34442902,116.291748,56.2670784,18.75256157,46.12204742,51.15441513,547.6520996,3023.227051,2,3,3,2,1,4,3,3,3,2,2,1,1,4,2,2,52.33,
38.51,29,4,2,79.85,145.3,11.83,50.99870682,0.72373575,31.01649857,38.19176865,50.96968842,141.133606,80.27709198,42.70175171,43.11675644,59.83264542,543.0211182,3257.072754,3,3,3,2,1,4,4,3,3,2,2,1,1,4,2,2,46.33,
35.09,29,4,2,79.85,170.88,11.24,45.01582718,0.725287378,29.52536201,37.23631287,51.08492279,137.937851,63.23427582,31.36257362,47.69477844,49.2793541,552.5177002,3123.431152,3,3,3,2,1,4,3,3,3,2,2,1,1,3,2,2,50.67,
36.06,29,4,2,79.85,147.07,10.51,47.70201874,0.724470437,30.43164825,38.1684227,50.90175247,101.9659653,69.29645538,35.08772659,46.8884964,52.80452347,546.4473267,3166.138916,3,3,3,2,1,4,4,3,3,2,2,1,1,4,2,2,46.33,
37.31,29,4,2,79.85,227.72,10.74,47.63064194,0.728587508,30.43555641,40.10277557,52.39458466,123.5170059,75.05069733,39.63536835,42.13499451,59.1500206,546.741394,3191.29834,3,3,3,2,1,4,4,2,3,2,2,1,1,4,2,2,48.67,
27.68,29,4,2,79.85,236.19,11.5,39.99771118,0.723607659,30.1029377,38.19295502,55.08544922,113.5525208,53.19327927,17.17333412,41.72970963,51.71175003,544.4547729,3098.604248,2,3,3,2,1,4,4,3,3,2,2,1,1,4,2,2,49.67,
41.37,29,4,2,79.85,178.09,11.01,50.69623566,0.72974503,30.49396706,37.78542709,51.52436447,120.0017853,83.57292938,41.60726929,48.64315033,58.16904068,586.6984253,3351.21582,3,3,3,2,1,4,4,3,3,2,2,1,1,4,3,2,45.33,
31.29,29,4,2,79.85,181.25,10.4,42.74240875,0.725696325,29.21229172,38.16017532,51.52362061,126.5679703,72.87595367,24.83232689,50.23894882,51.95807266,519.3919678,3033.218506,2,3,3,2,1,4,3,3,3,2,2,1,1,4,2,2,52.33,
34.27,29,4,2,79.85,283.68,9.71,45.69066238,0.729579091,30.35339355,37.35554123,52.55860138,149.4160919,68.20053864,27.85800552,43.80955505,56.62771225,551.0717773,3054.02124,2,3,3,2,1,4,4,3,3,2,2,1,1,4,2,2,49.67,
35.62,29,4,2,79.85,190.2,11.84,45.18741989,0.730271161,31.14097786,37.79382324,53.39499283,111.6504135,62.90240097,31.81378365,49.13941193,51.82730484,535.7798462,3132.368164,3,3,3,2,1,4,4,3,3,2,2,1,1,4,2,2,46.33,
29.38,29,4,2,79.85,164.78,11.3,40.67408752,0.722846627,29.48636055,37.9478569,52.64175797,120.3485413,65.0904007,26.24103546,42.40507126,50.48235703,496.984314,3201.566162,2,3,3,2,1,4,3,3,3,2,2,1,1,4,2,2,52.33,
37.39,29,4,2,79.85,354.63,11.17,46.95593262,0.729627669,30.70452309,39.57376862,54.54661179,143.6823883,70.33689117,31.76817894,54.98683929,56.05909729,569.5940552,3347.945068,3,3,3,2,1,4,4,3,3,2,2,1,1,4,2,2,46.33,
27.03,29,4,2,79.85,207.01,9.89,40.37857437,0.723604381,30.88368225,38.35735321,53.526371,117.7721024,47.11131287,20.09111214,48.32078171,50.11824036,561.4100952,3164.986084,2,3,3,2,1,4,4,3,3,2,1,1,1,4,2,2,51,
35.12,29,4,2,79.85,117.98,11.13,46.40711975,0.727642119,30.40608978,36.11552048,51.58495712,128.7197113,71.98600006,34.2794838,42.66555786,52.03100967,530.4486694,3103.019775,3,3,3,2,1,4,4,3,3,2,2,1,1,4,2,2,46.33,
29.33,29,4,2,79.85,55.22,12.6,40.88225937,0.722675264,30.83732414,37.91992188,50.51617432,133.3982544,72.77605438,16.00141716,39.70969391,49.77840042,548.913269,2955.94043,2,3,3,2,1,4,4,3,3,2,2,1,1,3,2,2,51.33,
33.28,29,4,2,79.85,211.02,11.61,44.09941101,0.723477244,30.91446304,38.03134155,55.09510422,120.0160522,74.19302368,30.83524704,46.37311172,52.84126282,560.1470337,3196.614258,2,3,3,2,1,4,4,3,3,2,2,1,1,4,2,2,49.67,
27.09,29,4,2,79.85,221.56,10.19,40.00716782,0.721215487,30.07292747,38.93334579,55.56537247,122.0993423,51.95777893,16.76005745,42.91785812,49.46836472,549.4068604,3072.504883,2,3,3,2,1,4,4,3,3,2,2,1,1,3,2,2,51.33,
24.99,29,4,2,79.85,154.54,10.9,39.83650589,0.725074947,30.85810852,37.58433151,54.80221558,129.8256226,52.00600815,25.20740128,45.67935944,51.83280182,525.8341064,3092.027832,1,3,3,2,1,4,4,3,3,2,2,1,1,4,2,2,53,
33.73,29,4,2,79.85,164.06,12.14,45.01592255,0.725107849,31.38785934,37.11138153,50.04094696,126.4689102,59.03800583,29.42612648,45.34132767,50.86180878,543.7246094,3318.689453,2,3,3,2,1,4,4,3,3,2,2,1,1,4,2,2,49.67,
27.03,29,4,2,79.85,148.62,11.11,40.0496788,0.71730423,28.80637741,38.69981384,55.57308578,118.1895142,63.624897,30.3619709,43.53325653,47.55644608,530.6453247,3042.460693,2,3,3,2,1,4,3,3,3,2,2,1,1,3,2,2,54,
37.07,29,4,2,79.85,233.83,11.25,49.37498856,0.731652737,30.50519562,38.5896759,51.48725891,127.9309692,67.24095154,44.29417801,47.35969162,57.95718765,516.8262939,3362.579834,3,3,3,2,1,4,4,3,3,2,2,1,1,4,2,2,46.33,
33.81,29,4,2,79.85,214.41,10.68,44.88468933,0.728709936,30.30648804,38.72535324,50.27261353,131.224411,63.58522415,25.87733459,46.03331757,51.00510025,546.7315674,3109.324951,2,3,3,2,1,4,4,3,3,2,2,1,1,4,2,2,49.67,
32.86,29,4,2,79.85,222.68,11,44.29605484,0.72457093,30.67595482,38.15737915,51.26367569,102.1602707,72.36733246,24.34761429,45.33390808,53.94511414,569.0238647,3199.62793,2,3,3,2,1,4,4,3,3,2,2,1,1,4,2,2,49.67,
29.8,29,4,2,79.85,205.77,11.02,41.04156494,0.72428292,29.86844635,38.68968201,53.3314209,126.1107559,59.81997299,25.02628326,40.70912552,50.57619095,554.6050415,3071.404297,2,3,3,2,1,4,3,3,3,2,2,1,1,4,2,2,52.33,
34.84,29,4,2,79.85,127.89,10.65,46.51064682,0.728895128,30.40403175,38.37161636,52.29821396,128.9544983,84.32624054,22.94404602,50.27380753,50.20853043,545.3085938,3137.30957,2,3,3,2,1,4,4,3,3,2,2,1,1,4,2,2,49.67,
23.24,29,4,2,79.85,216.97,11.42,39.93861771,0.725990474,30.40138626,39.04269791,52.01324081,113.9560318,64.61898804,19.76535416,44.02877045,46.06613922,567.9353027,3200.310059,1,3,3,2,1,4,4,3,3,2,2,1,1,3,2,2,54.67,
37.73,29,4,2,79.85,287.01,11.46,48.46770859,0.73410213,31.23689651,38.42144012,51.98611069,160.7953339,66.25559998,32.0212059,50.67280579,54.34236526,554.123291,3315.606445,3,3,3,2,1,4,4,3,3,2,2,1,1,4,2,2,46.33,
25.46,29,4,2,79.85,260.42,10.05,39.92333221,0.720535815,29.75020218,37.92715073,52.67274857,116.5769424,64.25780487,20.30759811,38.88927078,51.29373169,498.6088867,3048.724609,2,3,3,2,1,4,3,3,3,2,2,1,1,4,2,2,52.33,
26.92,29,4,2,79.85,178.18,11.1,40.32015991,0.71198529,29.87389183,38.23514557,54.555336,115.8280182,70.41281128,30.58336258,44.31315994,52.50720596,538.1348877,3088.951904,2,3,3,2,1,4,3,3,3,2,2,1,1,4,2,2,52.33,
31.66,29,4,2,79.85,182.67,11.08,42.57022095,0.709354162,30.10507774,37.99169922,52.84614944,108.7175674,53.95763397,29.43835831,47.22336578,48.82752228,501.1029968,2922.33374,2,3,3,2,1,4,4,3,3,2,2,1,1,3,2,2,51.33,
28.63,29,4,2,79.85,145.18,10.47,40.63633728,0.724986613,31.37470436,37.97906876,51.96347809,97.82350922,58.29370117,17.48796844,42.73085022,52.50003433,524.0318604,3255.914551,2,3,3,2,1,4,4,3,3,1,2,1,1,4,2,2,51,
29.78,29,4,2,79.85,228.62,11.34,41.10401917,0.727241635,30.08504677,38.28597641,54.57190323,118.6509857,59.49685669,25.16108894,44.31770706,54.2359581,523.8596802,3045.283691,2,3,3,2,1,4,4,3,3,2,2,1,1,4,2,2,49.67,
21.08,29,4,2,79.85,175.57,10.74,39.82575989,0.728611887,28.8150692,37.80293655,54.37820816,120.8458939,67.54102325,11.91708755,40.71276855,49.60077667,571.1668091,3267.718994,1,3,3,2,1,4,3,3,3,2,2,1,1,3,3,2,56.33,
37.22,29,4,2,79.85,214.29,11.45,46.94239044,0.726485848,30.0979538,38.18722153,52.9005928,127.5404968,65.75879669,36.2896347,47.96060562,53.99703979,561.746582,3131.709473,3,3,3,2,1,4,4,3,3,2,2,1,1,4,2,2,46.33,
26.38,29,4,2,79.85,203.62,11.17,39.85902405,0.721533179,31.37833977,38.40613174,55.51456451,127.2284927,59.99669647,20.35487556,43.16615677,49.55136108,538.2736816,3147.469727,2,3,3,2,1,4,4,3,3,2,2,1,1,3,2,2,51.33,
34.69,29,4,2,79.85,182,11.51,44.81613159,0.723850012,31.53763962,39.44112015,52.84062195,128.3515167,67.03773499,33.33378983,48.60032272,49.93207169,545.6100464,3173.160645,2,3,3,2,1,4,4,3,3,2,2,1,1,3,2,2,51.33,
32.89,29,4,2,79.85,209.83,11.18,44.41277695,0.725040317,29.82129478,37.47987366,52.93497086,122.5158844,58.26843643,29.46509743,44.38220978,52.92310715,534.5401611,3218.415771,2,3,3,2,1,4,3,3,3,2,2,1,1,4,2,2,52.33,
33.84,29,4,2,79.85,311.2,11.69,44.55876923,0.726846337,29.31986427,38.99354553,52.34572983,112.5407333,64.57762909,29.85244751,55.83615112,47.53681564,543.2233276,3151.320068,2,3,3,2,1,4,3,3,3,2,2,1,1,3,2,2,54,
34.31,29,4,2,79.85,220.9,11.04,46.25546646,0.727965891,30.99313164,37.88186646,49.55721664,114.11763,72.29073334,29.93869781,46.30456924,55.19709778,562.9768677,3130.810303,2,3,3,2,1,4,4,3,3,2,2,1,1,4,2,2,49.67,
23.84,29,4,2,79.85,196.92,11.72,40.19252777,0.726415336,30.72881889,37.47909927,53.63275528,117.6441422,58.65419769,24.71812057,43.41897964,47.23699188,554.6090088,3001.438232,1,3,3,2,1,4,4,3,3,2,2,1,1,3,2,2,54.67,
33.67,29,4,2,79.85,239.02,9.68,45.94971466,0.728942871,30.31443977,38.20055771,55.18910217,137.0429382,59.35141373,32.60484695,50.47571182,54.5636673,558.2179565,3069.533447,2,3,3,2,1,4,4,3,3,2,2,1,1,4,2,2,49.67,
17.65,29,4,2,79.85,188.04,10.84,40.26440048,0.72397697,30.62829018,38.41768265,53.86207581,115.9570923,63.53588867,18.09649277,46.19923782,51.00508118,550.1859741,3007.217773,1,3,3,2,1,4,4,3,3,2,2,1,1,4,2,2,53,
32.1,29,4,2,79.85,203.74,11.33,42.2517662,0.71691215,30.12200546,38.16146851,53.4136734,127.3515778,66.6975708,32.99932861,48.71332932,50.13221359,523.0124512,2989.672852,2,3,3,2,1,4,4,3,3,2,2,1,1,4,2,2,49.67,
31.76,29,4,2,79.85,164.97,11.02,43.56932068,0.729424238,30.50687981,38.25980759,51.96218491,148.7915497,67.75112915,29.44781494,47.73534012,49.95634079,549.0778809,3052.063232,2,3,3,2,1,4,4,3,3,2,2,1,1,3,2,2,51.33,
31.01,29,4,2,79.85,243.06,9.76,41.51232529,0.723971069,30.33940315,38.57825089,52.22189713,124.0631561,56.36363602,25.04214668,46.08811951,50.46498108,544.0700073,3093.939697,2,3,3,2,1,4,4,3,3,2,2,1,1,4,2,2,49.67,
27.19,29,4,2,79.85,215.57,11.14,40.10535431,0.719886303,30.82450867,38.9057312,56.8735733,111.1451797,58.88809967,17.96775246,41.48162079,54.67619324,530.1044922,3144.003906,2,3,3,2,1,4,4,3,3,2,2,1,1,4,2,2,49.67,
27.06,29,4,2,79.85,182.2,11.35,40.21675873,0.723505437,30.29662895,38.99799347,52.71131897,119.7861481,64.52928162,22.19208145,41.94018936,53.198246,531.9938965,3088.587158,2,3,3,2,1,4,4,3,3,2,2,1,1,4,2,2,49.67,
40.64,29,4,2,79.85,212.78,12.19,49.49769974,0.736866355,29.49185944,38.73170471,50.07523727,133.136322,83.15596771,34.31496811,48.66506195,56.54430771,541.206665,3446.02832,3,3,3,2,1,4,3,3,3,2,2,1,1,4,2,2,49,
24.93,29,4,2,79.85,179,11.18,40.27705383,0.721495211,30.26234245,37.99954224,53.55190659,101.1110077,52.36832428,23.47904205,45.60781097,51.30020905,520.9957886,3098.581787,1,3,3,2,1,4,4,3,3,2,2,1,1,4,2,2,53,
29.11,29,4,2,79.85,219.02,9.95,41.34828186,0.729720831,30.3390789,38.10305405,52.10187912,118.7346573,80.79469299,26.76426315,45.37200928,50.34270096,499.6047363,3019.88208,2,3,3,2,1,4,4,3,3,2,2,1,1,4,2,2,49.67,
25.17,29,4,2,79.85,156.22,10.94,39.99105072,0.722507477,30.8142395,37.97018051,53.14851761,106.5422745,65.26000977,29.67368317,44.70439148,51.72006989,523.4312744,3008.941162,2,3,3,2,1,4,4,3,3,2,2,1,1,4,2,2,49.67,
24.49,29,4,2,79.85,260.88,11.35,40.34257889,0.716415584,29.76837921,39.08182144,50.99946976,110.1506042,73.73166656,26.49779701,42.06278992,54.58901215,515.182373,3079.717773,1,3,3,2,1,4,3,3,3,2,2,1,1,4,2,2,55.67,
28.45,29,4,2,79.85,203.01,10.86,40.13733292,0.714988768,29.79711914,38.16154099,54.44029236,125.1685562,60.0268364,17.75158119,43.86952209,53.54402161,535.0592041,3017.300537,2,3,3,2,1,4,3,3,3,2,2,1,1,4,2,2,52.33,
25.26,29,4,2,79.85,150.47,10.74,39.69452286,0.722471714,29.95373917,38.14322281,54.04259109,124.7254868,60.27891541,30.81269264,41.53527069,49.99949265,510.7617188,3051.096924,2,3,3,2,1,4,3,3,3,2,2,1,1,3,2,2,54,
31.09,29,4,2,79.85,238.12,11.65,42.9526329,0.722135782,30.37854767,38.58945465,52.77717209,132.4830475,62.99628448,30.83973312,49.46672821,47.3375473,549.7491455,3110.62085,2,3,3,2,1,4,4,3,3,2,2,1,1,3,2,2,51.33,
29.21,29,4,2,79.85,212.94,10.35,40.96931839,0.729925811,29.32011986,37.31102753,50.67825699,127.01828,62.84337616,25.77134895,42.97822952,47.78275299,513.8550415,2959.067383,2,3,3,2,1,4,3,3,3,2,2,1,1,3,2,2,54,
33.49,29,4,2,79.85,150.17,11.16,44.39256668,0.728085041,31.06802559,37.5316124,51.76343536,117.1452332,68.54148102,34.05165863,44.55105591,50.02441025,540.9145508,3244.416992,2,3,3,2,1,4,4,3,3,2,2,1,1,4,2,2,49.67,
35.07,29,4,2,79.85,165.86,11.51,46.04373169,0.720498502,30.52191353,38.43429184,51.78029633,142.0561066,75.95317841,31.88021088,50.83856583,47.65062714,531.9498901,3192.69165,3,3,3,2,1,4,4,3,3,2,2,1,1,3,2,2,48,
18.92,29,4,2,79.85,152.3,10.68,40.08008957,0.716622889,29.38248825,37.44799805,54.42285538,116.174881,76.39447784,23.80703735,42.27510834,50.70870209,523.0644531,3145.569092,1,3,3,2,1,4,3,3,3,2,2,1,1,4,2,2,55.67,
35.16,29,4,2,79.85,212.15,11.35,46.63017273,0.722495317,30.01536942,38.74799728,50.85225677,131.4050598,71.11603546,34.96211243,40.59677505,53.62333679,558.6199951,3137.679932,3,3,3,2,1,4,4,3,3,2,2,1,1,4,2,2,46.33,
29,29,4,2,79.85,241.72,11.39,40.52301788,0.733910799,30.19948196,37.89244843,50.47808838,120.6799927,63.39522552,25.57209206,39.13138199,50.84008408,493.4581909,3019.548828,2,3,3,2,1,4,4,3,3,2,2,1,1,4,2,2,49.67,
33,29,4,2,79.85,113.77,10.52,43.78194809,0.729718149,29.55443192,37.93167877,54.15637589,113.7752762,72.72078705,30.72582436,50.88438797,51.70827484,523.586792,3169.77124,2,3,3,2,1,4,3,3,3,2,2,1,1,4,2,2,52.33,
25.61,29,4,2,79.85,185.69,10.95,39.9457016,0.724250197,29.70031929,37.8802948,51.39096451,104.7807693,63.51865387,21.19965935,43.21522522,50.95471573,511.1418457,2843.049561,2,3,3,2,1,4,3,3,3,2,2,1,1,4,2,2,52.33,
29.98,29,4,2,79.85,133.03,11.31,40.74825287,0.72722739,29.80730438,37.97760773,52.91632462,122.8902588,72.93724823,28.10737038,40.05721283,50.64087296,523.3301392,3053.017822,2,3,3,2,1,4,3,3,3,2,2,1,1,4,2,2,52.33,
33.17,29,4,2,79.85,348.16,11.26,42.11716843,0.724494517,29.7786274,36.84976578,51.53015518,128.77565,54.85941315,19.491436,50.44561386,51.88655853,525.6431274,3047.885742,2,3,3,2,1,4,3,3,3,2,2,1,1,4,2,2,52.33,
38.37,29,4,2,79.85,252.12,11.4,49.36136627,0.726817966,30.89915848,38.16042709,50.91330719,131.278656,68.45954132,31.31132126,38.04573822,56.83332825,571.2381592,3209.495361,3,3,3,2,1,4,4,3,3,2,2,1,1,4,3,2,45.33,
35.38,29,4,2,79.85,192.02,11.13,45.80529404,0.734816372,30.3779068,37.37490082,50.37777328,116.9057236,69.49253082,32.67504883,42.86830521,53.20440674,535.2892456,3219.624023,3,3,3,2,1,4,4,3,3,2,2,1,1,4,2,2,46.33,
23.97,29,4,2,79.85,253.55,10.69,39.93922043,0.717536509,30.10138321,39.29552078,53.70096207,129.2995148,64.78429413,24.42491722,35.6608696,56.60282898,543.6326294,3019.687988,1,3,3,2,1,4,4,3,3,2,2,1,1,4,2,2,53,
31.95,29,4,2,79.85,126.99,10.61,40.70819473,0.725026667,31.63414383,38.6521759,53.86309814,118.8350906,65.22716522,21.43242455,38.12265778,50.6002121,542.5457153,3087.971436,2,3,3,2,1,4,4,3,3,2,2,1,1,4,2,2,49.67,
29.07,29,4,2,79.85,147.22,11.03,40.52422714,0.722570896,30.05447197,38.62671661,54.67260742,121.0024872,55.38835526,27.10045052,46.4149971,51.70084381,542.8338623,3081.364746,2,3,3,2,1,4,4,3,3,2,2,1,1,4,2,2,49.67,
29.96,29,4,2,79.85,243.3,10.64,42.0517807,0.719698846,32.18580627,37.49193954,53.50293732,124.7359848,66.67056274,32.43867874,44.56208038,53.02776337,514.4320679,3173.374512,2,3,3,2,1,4,4,3,3,2,2,1,1,4,2,2,49.67,
28.53,29,4,2,79.85,247.44,10.85,40.38160706,0.715438426,30.49944878,37.92353439,53.30379868,122.8542175,58.1052475,19.12697983,46.39096069,51.91921997,519.4696655,3028.70459,2,3,3,2,1,4,4,3,3,2,2,1,1,4,2,2,49.67,
33.61,29,4,2,79.85,176.7,10.9,44.50802231,0.733381689,31.0759449,38.20838165,52.22592545,122.285347,67.99117279,32.18588257,44.19069672,49.7288208,553.1925049,3176.892334,2,3,3,2,1,4,4,3,3,2,2,1,1,3,2,2,51.33,
32.9,29,4,2,79.85,247.7,10.55,43.53730774,0.72935009,30.33823967,37.8638649,53.07723236,107.3366089,78.98464966,34.06315231,47.27310562,49.88506699,517.892395,3199.144775,2,3,3,2,1,4,4,3,3,2,2,1,1,3,2,2,51.33,
42.34,29,4,2,79.85,273.28,10.92,52.42836761,0.724569201,31.19757652,37.25665283,50.76283646,135.9303284,63.37829208,39.14026642,53.14019775,50.67806625,539.7216187,3271.834473,3,3,3,2,1,4,4,3,3,2,2,1,1,4,2,2,46.33,
37.51,29,4,2,79.85,129.65,10.54,48.95900726,0.724796057,30.50864983,37.19075394,51.28084564,122.3663864,79.09438324,41.33098602,46.93024063,55.55856705,551.3583984,3192.594482,3,3,3,2,1,4,4,3,3,2,2,1,1,4,2,2,46.33,
35.35,29,4,2,79.85,236.26,10.97,46.75387955,0.718892097,29.47744942,38.63629532,51.59876633,121.7680588,70.55970764,39.75529099,46.84929276,50.40786743,539.6724854,3150.186279,3,3,3,2,1,4,3,3,3,2,2,1,1,4,2,2,49,
27.7,29,4,2,79.85,245.37,11.43,40.24486923,0.723275542,30.08128166,38.27862167,52.37620163,124.7192307,62.73415756,19.76165962,43.98709488,50.17702484,521.3722534,3108.013672,2,3,3,2,1,4,4,3,3,2,2,1,1,4,2,2,49.67,
32.23,29,4,2,79.85,159.01,11.52,43.64190292,0.720713794,30.37280083,37.92863464,53.5794754,117.7717667,67.92319489,29.60987663,43.32709885,49.19483185,564.0792236,2972.879883,2,3,3,2,1,4,4,3,3,2,2,1,1,3,2,2,51.33,
39.78,29,4,2,79.85,241.3,10.53,50.94377136,0.731597722,30.92385864,38.0150528,53.31853104,133.9981232,80.48685455,59.10849762,55.23422623,53.22768784,540.4050293,3195.345947,3,3,3,2,1,4,4,3,3,2,2,2,1,4,2,2,45,
28.62,29,4,2,79.85,297.39,11.58,41.13623428,0.720689356,30.08910942,38.95108795,55.52414322,112.1620331,60.69336319,29.57696915,45.39915848,49.9798317,524.6657715,3068.070801,2,3,3,2,1,4,4,3,3,2,2,1,1,3,2,2,51.33,
32.9,29,4,2,79.85,159.36,10.97,44.37086868,0.726306558,30.33552361,39.68251419,51.54950333,121.126709,71.16555786,35.40461349,48.50791931,53.87971115,553.3599243,3178.935303,2,3,3,2,1,4,4,3,3,2,2,1,1,4,2,2,49.67,
33.5,29,4,2,79.85,156.91,11.91,45.28212357,0.72818172,31.75564766,38.39471054,51.71934509,134.006134,68.1180191,33.23668289,43.96260071,55.48191071,547.0029907,3161.918701,2,3,3,2,1,4,4,3,3,2,2,1,1,4,2,2,49.67,
16.96,29,4,2,79.85,261.95,11.1,39.68611908,0.719760656,31.69250298,37.3543129,51.48725891,108.6113052,56.6475563,21.1480751,44.6904335,53.53199387,572.1799316,3058.059814,1,3,3,2,1,4,4,3,3,2,2,1,1,4,3,2,52,
24.86,29,4,2,79.85,254.24,11.51,39.68845367,0.720634162,29.97876358,38.67610931,54.46498108,130.8983307,52.73251724,23.62587166,30.44330215,54.84423065,510.6475525,3184.141357,1,3,3,2,1,4,3,3,3,2,2,1,1,4,2,2,55.67,
33.52,29,4,2,79.85,207.27,11.17,43.99773407,0.724835753,30.68913841,38.15393066,53.83670425,131.7777405,66.99156189,33.61024094,49.94491959,51.9853096,559.0223389,3235.439209,2,3,3,2,1,4,4,3,3,2,2,1,1,4,2,2,49.67,
38.07,29,4,2,79.85,159.26,10.57,48.23589325,0.72582525,31.4433651,38.49094009,51.30435181,127.9815216,58.14590454,41.60597229,44.29047012,54.51044083,556.3030396,3350.153564,3,3,3,2,1,4,4,3,3,2,2,1,1,4,2,2,46.33,
28.38,29,4,2,79.85,131.78,11.15,40.20653152,0.719584107,30.42458725,38.5817337,53.49791336,129.6554108,56.00839996,19.69741821,41.78944397,52.30105209,524.9783325,3108.073486,2,3,3,2,1,4,4,3,3,2,2,1,1,4,2,2,49.67,
22.09,29,4,2,79.85,196.18,10.73,40.25705719,0.727671206,30.36264992,38.19026947,54.77990341,120.4728317,64.35597992,29.50724411,42.1819191,48.98107529,533.3495483,3187.818604,1,3,3,2,1,4,4,3,3,2,2,1,1,3,2,2,54.67,
28.92,29,4,2,79.85,206.01,10.9,40.74533463,0.722311556,29.90117264,37.59419632,53.34169006,127.2058182,53.96912766,26.14036751,41.4445343,52.11100769,520.1811523,3094.451416,2,3,3,2,1,4,3,3,3,2,2,1,1,4,2,2,52.33,
31.34,29,4,2,79.85,173.42,10.83,43.03739929,0.724622428,29.15196419,38.50406647,51.90777588,113.1851273,67.69598389,27.47810173,43.70376968,52.79216766,529.0583496,3052.115967,2,3,3,2,1,4,3,3,3,2,2,1,1,4,2,2,52.33,
38.19,29,4,2,79.85,100.63,10.87,48.15624619,0.731724858,32.14982986,37.26778412,51.05921555,101.2161179,70.85491943,27.95156288,45.93687057,50.09157944,537.7595825,3123.936523,3,3,3,2,1,4,4,3,3,2,2,1,1,4,2,2,46.33,
27.98,29,4,2,79.85,239.18,11.3,40.97075272,0.732631922,30.29833221,39.44304657,52.64043808,121.599411,64.80232239,23.94937897,37.53842163,51.31165695,542.2856445,3026.678223,2,3,3,2,1,4,4,3,3,2,2,1,1,4,2,2,49.67,
22.86,29,4,2,79.85,205.94,11.49,39.68251038,0.728022695,30.04169655,39.25273132,54.12917328,99.14008331,59.62791824,22.72496605,41.92589951,46.27188873,555.5148315,3029.435547,1,3,3,2,1,4,4,3,3,1,2,1,1,3,2,2,56,
34.08,29,4,2,79.85,230.86,10.46,46.42180634,0.720526934,29.46955681,38.80017853,53.96095657,118.8543243,52.55561066,33.96660995,50.03195572,54.23033524,534.8476563,3409.160889,2,3,3,2,1,4,3,3,3,2,2,1,1,4,2,2,52.33,
33.82,29,4,2,79.85,180.61,11.45,45.19406509,0.722176254,30.78712654,38.0505867,52.36375427,120.2195892,68.52705383,29.07611847,46.26542282,51.1595726,554.05896,3123.773926,2,3,3,2,1,4,4,3,3,2,2,1,1,4,2,2,49.67,
30.83,29,4,2,79.85,257.36,10.26,43.91933823,0.721053779,29.72660255,39.39491653,54.73817825,123.4459229,64.28308868,22.43469238,39.83262634,47.94147873,543.6834106,2969.258057,2,3,3,2,1,4,3,3,3,2,2,1,1,3,2,2,54,
36.74,29,4,2,79.85,182.34,11.28,46.00376129,0.729265153,30.56746292,39.15689087,54.60081482,130.9366608,63.76485825,38.24710846,49.64584351,53.00741959,543.8742065,3105.081055,3,3,3,2,1,4,4,3,3,2,2,1,1,4,2,2,46.33,
34.15,29,4,2,79.85,227.44,11.16,45.15794373,0.728942275,31.30235863,37.61266708,50.79003143,127.2567215,73.69229126,32.17826843,41.52747345,53.70318985,561.0952759,3290.498291,2,3,3,2,1,4,4,3,3,2,2,1,1,4,2,2,49.67,
35.21,29,4,2,79.85,153.9,10.6,48.9534111,0.740050912,31.42515945,37.57565689,49.88710785,125.7300415,69.0218277,35.78178787,44.56745529,50.66533661,600.9890137,3196.19873,3,3,3,2,1,4,4,3,3,2,2,1,1,4,3,2,45.33,
22.31,29,4,2,79.85,116.64,11.16,39.95555115,0.710248768,31.59340096,38.36848068,53.58904648,116.46492,62.01805496,20.266325,40.95606613,48.9238205,531.7861328,3020.066162,1,3,3,2,1,4,4,3,3,2,2,1,1,3,2,2,54.67,
29.08,29,4,2,79.85,249.02,10.38,40.60352325,0.727284968,30.54326439,39.17107773,54.70983505,109.4692001,53.64076233,29.88847733,44.6194458,50.65639496,523.9416504,3109.206787,2,3,3,2,1,4,4,3,3,2,2,1,1,4,2,2,49.67,
24.86,29,4,2,79.85,169.54,11.54,39.88361359,0.721411586,29.95785332,38.60028839,51.51480103,116.2181854,54.6383934,17.76912689,49.33423233,45.34566498,534.3666992,3028.345703,1,3,3,2,1,4,3,3,3,2,2,1,1,3,2,2,57.33,
29,29,4,2,79.85,241.16,11.41,40.54001236,0.730672121,30.68433952,37.3934021,50.35366058,132.1145172,64.83613586,25.30128098,39.76508331,50.19930649,476.2279358,3059.15332,2,3,3,2,1,4,4,3,3,2,2,1,1,4,2,2,49.67,
35.04,29,4,2,79.85,209.64,11.61,47.14318085,0.72759974,30.76185417,37.94309616,54.09068298,120.5562134,71.79623413,35.44950867,47.43872833,53.1918602,548.0100098,3142.104492,3,3,3,2,1,4,4,3,3,2,2,1,1,4,2,2,46.33,
34.04,29,4,2,79.85,198.25,10.16,43.99013519,0.725870609,30.03913879,38.85786438,52.22585678,125.1915054,58.0333252,35.97197342,42.6369133,48.28931808,579.7039185,3067.813232,2,3,3,2,1,4,4,3,3,2,2,1,1,3,3,2,50.33,
41.18,29,4,2,79.85,249.52,11.06,51.49763107,0.730872512,30.65443039,37.6728096,52.68294907,133.3774719,70.42804718,50.73840332,45.4124527,58.08772659,576.3886719,3273.914795,3,3,3,2,1,4,4,3,3,2,2,2,1,4,3,2,44,
28.05,29,4,2,79.85,168.89,11.04,40.1092453,0.723171055,30.52062416,39.10702133,52.81827927,111.351593,68.20027924,18.01611137,43.25258255,47.03833389,548.9439087,3125.973633,2,3,3,2,1,4,4,3,3,2,2,1,1,3,2,2,51.33,
27.14,29,4,2,79.85,165.57,10.67,40.33031845,0.723049104,30.28828239,37.98454666,52.56302643,138.6063232,66.53916168,29.56900406,43.49777985,48.6529541,536.4468384,3092.687744,2,3,3,2,1,4,4,3,3,2,2,1,1,3,2,2,51.33,
29.78,29,4,2,79.85,223.52,11.14,40.95105743,0.723833621,30.80594254,37.96072388,53.94009781,107.8253174,58.06438828,27.24755096,41.59828949,53.2025528,556.4631348,3089.032715,2,3,3,2,1,4,4,3,3,2,2,1,1,4,2,2,49.67,
33.8,29,4,2,79.85,235.79,10.77,44.19842148,0.72484374,29.69078636,38.43792343,51.1717453,121.0122833,65.75034332,38.24260712,47.96325302,48.90903091,524.7253418,3136.216553,2,3,3,2,1,4,3,3,3,2,2,1,1,3,2,2,54,
27.62,29,4,2,79.85,201.87,11,39.98176193,0.722283423,31.54681396,38.08107376,53.27066803,115.6777954,61.91791153,15.51140594,42.35453415,53.4705162,578.1954346,3197.251709,2,3,3,2,1,4,4,3,3,2,2,1,1,4,3,2,48.67,
23.37,29,4,2,79.85,268.94,10.26,40.22821045,0.721213162,29.87963486,37.76919937,53.0998764,118.064888,61.63775253,22.10424423,46.02345276,48.37708664,540.1564941,3036.847412,1,3,3,2,1,4,3,3,3,2,2,1,1,3,2,2,57.33,
31.58,29,4,2,79.85,118.94,11.14,42.38131714,0.709595859,30.69449425,37.37002182,50.82625961,128.0179291,47.57738495,28.1176815,40.73633194,50.54283524,527.192688,3284.891113,2,3,3,2,1,4,4,3,3,2,1,1,1,4,2,2,51,
29.85,29,4,2,79.85,90.68,10.11,40.45995331,0.709027052,30.19973755,39.40929413,53.47836685,106.9073181,63.31639862,30.28077126,42.92173386,48.19528961,606.9642334,3094.272705,2,3,3,2,1,4,4,3,3,2,2,1,1,3,3,2,50.33,
32.87,29,4,2,79.85,153.87,10.97,45.7142067,0.730537295,30.57795525,37.99724197,49.83873749,115.3582153,71.58335114,33.5650444,51.40218353,54.0461235,572.9125977,3251.393066,2,3,3,2,1,4,4,3,3,2,2,1,1,4,3,2,48.67,
30.19,29,4,2,79.85,149.17,10.02,42.88829422,0.728044391,30.08789635,38.24936676,53.95279694,112.7897949,68.89095306,28.42417145,42.70529175,51.80412292,546.317688,3085.851563,2,3,3,2,1,4,4,3,3,2,2,1,1,4,2,2,49.67,
31.68,29,4,2,79.85,183.8,11.39,42.25733948,0.719915509,30.59928894,37.34752274,53.62483215,130.0414734,52.35314178,26.39710236,43.06620789,52.66715622,498.3475647,2947.641602,2,3,3,2,1,4,4,3,3,2,2,1,1,4,2,2,49.67,
38.53,29,4,2,79.85,226.45,10.91,49.68731308,0.732682824,32.14552689,37.43716812,51.34991455,131.9177399,63.43288803,28.36096764,44.28069687,49.54861069,552.9841309,3273.855957,3,3,3,2,1,4,4,3,3,2,2,1,1,3,2,2,48,
37.22,29,4,2,79.85,196.89,11.26,46.92747498,0.734475017,30.01781082,37.72999573,52.74238586,135.7113495,61.60560989,39.21992111,46.189785,51.80254364,537.4615479,3329.580566,3,3,3,2,1,4,4,3,3,2,2,1,1,4,2,2,46.33,
32.3,29,4,2,79.85,193.45,11.25,42.42267609,0.718324304,30.55736923,36.62354279,48.39968872,122.7537384,61.13922119,31.93799782,45.46651459,48.37525177,550.1131592,3152.751465,2,3,3,2,1,4,4,3,3,2,2,1,1,3,2,2,51.33,
27.94,29,4,2,79.85,193.95,10.75,40.30944443,0.729281068,30.70470238,38.54040909,53.41041183,123.8188477,62.26831055,22.4694252,36.28178787,48.9176445,519.7967529,3083.428955,2,3,3,2,1,4,4,3,3,2,2,1,1,3,2,2,51.33,
34.79,29,4,2,79.85,164.59,11.28,43.83587265,0.723775804,30.43111229,37.79042816,53.77798462,133.1305695,67.54036713,26.95566177,49.50016403,49.83730316,515.0459595,3153.87207,2,3,3,2,1,4,4,3,3,2,2,1,1,3,2,2,51.33,
24.49,29,4,2,79.85,202.44,10.71,40.1072731,0.73569566,29.96066666,37.9577179,53.30484009,124.6785965,63.85644531,20.95467949,45.13228226,54.73126221,546.0029907,3207.276367,1,3,3,2,1,4,3,3,3,2,2,1,1,4,2,2,55.67,
32.34,29,4,2,79.85,245.48,10.54,43.4238739,0.727383912,30.0612812,37.96510315,53.83825302,111.2726212,80.48554993,29.50396538,44.86507797,52.53484344,480.9352417,3071.096191,2,3,3,2,1,4,4,3,3,2,2,1,1,4,2,2,49.67,
37.58,29,4,2,79.85,220.47,11.09,48.6893959,0.740299344,31.04936409,37.79911041,50.58454895,121.303093,69.43851471,44.67127991,49.86350632,54.05282974,568.5230713,3088.558105,3,3,3,2,1,4,4,3,3,2,2,1,1,4,2,2,46.33,
31.03,29,4,2,79.85,131.05,10.8,41.62095261,0.722751558,30.36289787,38.74048615,52.49949646,121.0883331,78.77115631,27.40215683,48.72066116,51.08815765,527.1636353,3095.154053,2,3,3,2,1,4,4,3,3,2,2,1,1,4,2,2,49.67,
25.58,29,4,2,79.85,167.9,10.86,39.82284164,0.721373081,30.59479713,38.22400665,51.82218552,107.484581,61.85010147,22.75448036,42.80896378,51.80772781,521.8516235,3122.25415,2,3,3,2,1,4,4,3,3,2,2,1,1,4,2,2,49.67,
34.21,29,4,2,79.85,136.38,9.84,44.53382874,0.725030661,30.39108276,37.66055679,51.41846085,140.1948853,73.04668427,32.48994827,48.62505341,50.24687195,526.6212769,3157.527588,2,3,3,2,1,4,4,3,3,2,2,1,1,4,2,2,49.67,
29.93,29,4,2,79.85,187.19,10.87,42.07709122,0.717732489,30.21027756,39.40113449,53.22272491,114.9127808,54.16622162,24.32068825,45.50456619,53.28429031,537.0841675,3129.149902,2,3,3,2,1,4,4,3,3,2,2,1,1,4,2,2,49.67,
23.21,29,4,2,79.85,151.93,11.92,40.37782669,0.72964114,31.26169968,38.39320374,52.21278763,126.7172775,51.24731064,24.29070663,44.26203537,49.43284225,490.5578918,3071.852783,1,3,3,2,1,4,4,3,3,2,2,1,1,3,2,2,54.67,
31.56,29,4,2,79.85,250.31,10.52,42.77248001,0.728237629,30.58196831,37.7179718,50.9164238,111.3871155,68.29078674,30.96860886,39.82938004,50.00233078,509.2234802,3114.861572,2,3,3,2,1,4,4,3,3,2,2,1,1,4,2,2,49.67,
23.25,29,4,2,79.85,267.41,11.02,40.1019516,0.724698424,30.34366226,39.26767731,53.49572372,117.8483887,66.64915466,21.24570465,42.25380325,54.51258469,565.5477905,2976.261475,1,3,3,2,1,4,4,3,3,2,2,1,1,4,2,2,53,
23.29,29,4,2,79.85,227.78,11.08,39.78185654,0.722086608,30.33314323,38.58312225,55.21284866,115.1689072,59.51415634,19.88983536,40.13311386,51.01291656,525.8947754,3093.457275,1,3,3,2,1,4,4,3,3,2,2,1,1,4,2,2,53,
23.39,29,4,2,79.85,242.34,11.46,40.26301956,0.723787487,30.07356834,38.22427368,54.67515564,127.7418213,55.08274078,26.02851105,41.07465363,49.70199585,523.6126709,3314.24585,1,3,3,2,1,4,4,3,3,2,2,1,1,3,2,2,54.67,
33.71,29,4,2,79.85,202.86,11.4,43.29359818,0.72117424,29.72470856,39.4358139,52.35978317,129.9097595,68.13063049,31.70800781,44.33308411,50.40795135,526.7183228,3088.869385,2,3,3,2,1,4,3,3,3,2,2,1,1,4,2,2,52.33,
36.57,29,4,2,79.85,190.37,10.75,47.62723541,0.727231622,29.33166695,38.83059692,51.23096085,124.6659317,66.53720093,28.82073593,46.47254562,54.06974411,528.9937744,3285.470215,3,3,3,2,1,4,3,3,3,2,2,1,1,4,2,2,49,
25.95,29,4,2,79.85,111.72,11.8,40.99655151,0.71798569,30.88120842,38.44944763,55.11386108,112.3174896,54.70426178,25.90312958,42.58052063,51.64788055,498.6651917,3214.265381,2,3,3,2,1,4,4,3,3,2,2,1,1,4,2,2,49.67,
31.94,29,4,2,79.85,225.37,10.72,41.82547379,0.72272718,30.54791069,38.98913956,52.25172043,125.3788452,68.40223694,16.36979866,46.19670486,50.52912521,561.0597534,3007.863525,2,3,3,2,1,4,4,3,3,2,2,1,1,4,2,2,49.67,
25.43,29,4,2,79.85,161.42,11.09,40.15628433,0.72952199,30.17801857,38.97431183,54.89370346,104.9753799,59.46003723,29.41749763,41.99869919,48.43719101,514.3977051,3031.553711,2,3,3,2,1,4,4,3,3,2,2,1,1,3,2,2,51.33,
29.82,29,4,2,79.85,206.53,11.85,41.58319855,0.721714675,31.03071022,38.83494568,55.49328613,127.3527145,63.2291069,25.12839127,45.58203506,53.4042244,519.564209,3224.812012,2,3,3,2,1,4,4,3,3,2,2,1,1,4,2,2,49.67,
26.35,29,4,2,79.85,211.2,11.55,40.15635681,0.715159714,30.39011383,38.64531708,55.48262024,112.1399002,67.48516846,20.39043617,41.25072098,48.45724106,539.8956299,3057.454834,2,3,3,2,1,4,4,3,3,2,2,1,1,3,2,2,51.33,
25.36,29,4,2,79.85,306.83,11.45,40.13066864,0.7234326,30.4046154,38.94992447,52.28694916,125.1882858,70.17181396,17.49069405,42.28279114,46.04802322,560.4786377,3197.519043,2,3,3,2,1,4,4,3,3,2,2,1,1,3,2,2,51.33,
25.14,29,4,2,79.85,176.59,10.57,39.98626709,0.721043587,30.30533791,38.09822083,53.07778549,117.1410751,74.25575256,28.99767113,43.39637375,52.13500214,522.0883179,3111.091797,2,3,3,2,1,4,4,3,3,2,2,1,1,4,2,2,49.67,
25.81,29,4,2,79.85,144.66,11.54,39.92885971,0.719998121,30.74219704,37.66466904,53.61595535,117.2296906,49.31421661,23.81157494,41.01003647,48.0217247,571.2819824,3171.950928,2,3,3,2,1,4,4,3,3,2,1,1,1,3,3,2,51.67,
33.27,29,4,2,79.85,205.62,10.97,44.83571243,0.722255528,30.60611916,38.58724213,52.5017662,125.3811264,68.16013336,34.14469528,44.37403488,52.40565109,548.2232666,3098.459717,2,3,3,2,1,4,4,3,3,2,2,1,1,4,2,2,49.67,
29.02,29,4,2,79.85,152.74,10.86,39.97332382,0.727089822,29.9927845,37.9147644,52.71751022,114.8918991,64.29535675,24.07723999,42.08324814,51.47908401,524.8816528,3234.799316,2,3,3,2,1,4,3,3,3,2,2,1,1,4,2,2,52.33,
31.56,29,4,2,79.85,205.18,10.48,42.42391586,0.714499235,29.13760185,38.53841782,51.72738647,124.8789139,56.03928757,24.68686485,44.82967758,51.04340363,492.1656799,3121.930908,2,3,3,2,1,4,3,3,3,2,2,1,1,4,2,2,52.33,
19.92,29,4,2,79.85,254.92,10.84,40.09292984,0.725381076,29.49907303,38.12860489,53.78411484,111.35186,69.11467743,11.74650288,42.29319382,51.27629471,545.0087891,3103.614014,1,3,3,2,1,4,3,3,3,2,2,1,1,4,2,2,55.67,
31.61,29,4,2,79.85,155.12,10.92,41.84571457,0.727515578,30.32744789,38.15221786,52.01426697,106.132515,62.78110504,23.04299927,47.32896042,51.34633255,527.074585,3083.719971,2,3,3,2,1,4,4,3,3,2,2,1,1,4,2,2,49.67,
30.14,29,4,2,79.85,195.96,9.91,41.67286682,0.721817791,29.77742004,39.54740524,52.88350677,116.9399414,56.5089035,22.41922569,47.57421494,49.78966904,546.0147095,3102.486084,2,3,3,2,1,4,3,3,3,2,2,1,1,3,2,2,54,
38.14,29,4,2,79.85,55.24,11.44,50.18684769,0.720118344,30.19433212,38.58011627,49.43521881,94.4945755,71.24942017,35.18273926,46.46478271,56.35144043,511.2297363,3150.63916,3,3,3,2,1,4,4,3,3,1,2,1,1,4,2,2,47.67,
24.82,29,4,2,79.85,179.54,10.8,39.65377808,0.728723884,30.57058525,38.48153687,52.49792862,119.851799,61.3014679,24.418787,42.97930527,54.59661865,504.6175842,3124.913574,1,3,3,2,1,4,4,3,3,2,2,1,1,4,2,2,53,
21.2,29,4,2,79.85,141.97,10.58,40.01976776,0.726850212,30.39051819,37.90063095,54.02731323,112.2966232,63.52347183,14.00761414,50.9771843,50.58372498,556.5690308,2971.654541,1,3,3,2,1,4,4,3,3,2,2,1,1,4,2,2,53,
31.16,29,4,2,79.85,206.88,10.11,42.35235977,0.722678542,30.950634,38.98170471,51.8443222,114.4237289,71.17063904,28.89536476,46.07057953,47.9240303,546.4017944,3065.733643,2,3,3,2,1,4,4,3,3,2,2,1,1,3,2,2,51.33,
25.29,29,4,2,79.85,274.77,11.08,39.71277237,0.72478801,28.99684715,38.29347992,55.16172028,108.8044739,63.2237854,20.20955658,40.42121887,50.62126541,486.710968,2961.939209,2,3,3,2,1,4,3,3,3,2,2,1,1,4,2,2,52.33,
29.06,29,4,2,79.85,284.58,11.11,40.75490952,0.724774361,29.43434525,38.57107162,55.30412292,126.5316544,64.35147858,23.73705673,45.23905563,53.97373962,522.440918,2995.499023,2,3,3,2,1,4,3,3,3,2,2,1,1,4,2,2,52.33,
24.03,29,4,2,79.85,33.02,11.65,39.99335861,0.721996307,30.752285,38.02617264,50.89275742,101.2015457,65.8249054,14.69972134,44.46665573,47.5747261,474.17276,2851.826416,1,3,3,2,1,4,4,3,3,2,2,1,1,3,2,2,54.67,
29.7,29,4,2,79.85,241.98,10.53,41.90804672,0.731658876,31.29566956,37.72009277,52.67459869,120.7512589,74.0891037,32.5162468,50.89419937,50.29107285,531.8259888,3109.557861,2,3,3,2,1,4,4,3,3,2,2,1,1,4,2,2,49.67,
26.58,29,4,2,79.85,145.09,11.29,39.97669983,0.713673472,29.80887413,38.44425583,52.58425522,121.0640717,54.0525856,21.75579834,43.86377716,50.25431824,529.9291382,3059.297119,2,3,3,2,1,4,3,3,3,2,2,1,1,4,2,2,52.33,
28.91,29,4,2,79.85,183.07,11.66,40.19387436,0.719873428,30.11527252,38.2241745,51.57382584,122.8848419,59.08914185,20.81035042,45.29006577,51.19927597,492.5585022,3186.765625,2,3,3,2,1,4,4,3,3,2,2,1,1,4,2,2,49.67,
30.87,29,4,2,79.85,191.13,9.99,41.32329941,0.72242856,31.42799377,38.87659454,55.99465942,118.6810837,64.69071198,20.71672058,46.03406525,50.18502808,554.9962769,3046.563965,2,3,3,2,1,4,4,3,3,2,2,1,1,4,2,2,49.67,
22.27,29,4,2,79.85,236.98,10.88,40.10714722,0.728038132,31.6264534,38.94983673,51.9667778,124.2503204,64.00240326,22.31002998,44.45633316,51.06946182,530.0654907,3112.260254,1,3,3,2,1,4,4,3,3,2,2,1,1,4,2,2,53,
28.77,29,4,2,79.85,175.14,10.49,40.15436172,0.719829321,30.76725769,38.18622208,53.73267365,120.8864136,68.22372437,21.55250359,45.13832855,52.28392792,517.7450562,3296.070557,2,3,3,2,1,4,4,3,3,2,2,1,1,4,2,2,49.67,
34.12,29,4,2,79.85,220.57,11.12,46.75556564,0.721796632,30.57768059,37.91723251,49.55329132,121.8823853,62.83597946,31.76235008,44.95895386,53.18969727,562.0802002,3219.283691,2,3,3,2,1,4,4,3,3,2,2,1,1,4,2,2,49.67,
28.19,29,4,2,79.85,168.47,10.72,40.03705597,0.721307158,30.33258057,38.70908737,54.47077179,118.580513,67.86605835,26.95373535,38.36315536,48.05400467,546.538208,3047.253418,2,3,3,2,1,4,4,3,3,2,2,1,1,3,2,2,51.33,
30.06,29,4,2,79.85,185.11,10.49,41.32258987,0.713476717,30.32162094,37.9043541,50.74846268,116.6662292,65.80430603,23.62734795,51.24358368,49.06134415,520.6610107,3160.721191,2,3,3,2,1,4,4,3,3,2,2,1,1,3,2,2,51.33,
27.94,29,4,2,79.85,196.65,10.81,40.55034256,0.724839449,30.77439308,37.98672867,52.5477066,119.0929031,65.92379761,28.70065117,37.60942078,50.32741928,537.9545898,3120.547363,2,3,3,2,1,4,4,3,3,2,2,1,1,4,2,2,49.67,
27.12,29,4,2,79.85,254.21,10.93,40.34476089,0.725546002,31.14539146,38.17086792,53.29072189,121.2205048,58.13805008,28.15728188,46.05700302,53.79040527,536.4644165,3064.385742,2,3,3,2,1,4,4,3,3,2,2,1,1,4,2,2,49.67,
40.16,29,4,2,79.85,209.32,10.98,50.38528442,0.730961084,30.32466125,38.75582123,54.43649673,125.5037384,83.5245285,42.72398376,45.80396652,56.27770615,539.1362305,3243.841553,3,3,3,2,1,4,4,3,3,2,2,1,1,4,2,2,46.33,
27.58,29,4,2,79.85,190.96,11.17,40.1517067,0.722097576,30.39868355,39.16414642,53.27222443,119.6407852,59.65561295,17.93885231,45.77500153,51.23770905,522.6452026,3100.007324,2,3,3,2,1,4,4,3,3,2,2,1,1,4,2,2,49.67,
30.74,29,4,2,79.85,170.11,10.75,44.81731796,0.724273443,30.52466965,38.86929321,54.8615799,130.6770477,66.51983643,29.44880867,42.34934235,47.51495361,544.3842773,3063.017822,2,3,3,2,1,4,4,3,3,2,2,1,1,3,2,2,51.33,
17.59,29,4,2,79.85,235.38,11.19,39.81737518,0.721674502,30.19859695,38.18138885,52.54926682,125.6471405,64.33417511,22.58607483,43.33431625,52.85499954,545.2860107,3032.548828,1,3,3,2,1,4,4,3,3,2,2,1,1,4,2,2,53,
38.21,29,4,2,79.85,255.77,11.2,49.48038864,0.730616212,31.45252991,37.1880722,53.07975006,136.9822083,70.42858887,33.9198494,50.18990707,51.36738586,586.4979858,3193.172607,3,3,3,2,1,4,4,3,3,2,2,1,1,4,3,2,45.33,
26.49,29,4,2,79.85,213.82,10.39,40.07195282,0.727788866,29.64243317,38.12599182,52.22581863,127.7143478,55.22876358,21.65182114,41.86128616,46.43603134,553.22052,3060.810547,2,3,3,2,1,4,3,3,3,2,2,1,1,3,2,2,54,
22.5,29,4,2,79.85,157.27,11.06,39.93444061,0.724091887,30.48247147,37.43967438,53.66053391,114.4917679,53.66902924,26.71819496,40.34037781,55.03892899,521.1339722,3174.832031,1,3,3,2,1,4,4,3,3,2,2,1,1,4,2,2,53,
33.37,29,4,2,79.85,164.84,10.9,44.59803009,0.731396496,30.69003677,36.84175873,51.41929245,112.5357666,63.18693542,31.50484276,45.18862152,52.37783432,537.2643433,3336.222656,2,3,3,2,1,4,4,3,3,2,2,1,1,4,2,2,49.67,
31.58,29,4,2,79.85,297.11,10.43,41.73284912,0.729148865,29.33703232,37.81703568,51.71469116,118.3889847,49.88846588,29.52945518,38.26137161,57.38132095,538.9301147,3045.650391,2,3,3,2,1,4,3,3,3,2,1,1,1,4,2,2,53.67,
29.53,29,4,2,79.85,146.23,9.83,41.46173096,0.723204672,30.12451172,39.56901169,53.75075531,117.9000244,61.49710846,23.30879211,38.20074844,49.06303787,533.5083618,3316.865723,2,3,3,2,1,4,4,3,3,2,2,1,1,3,2,2,51.33,
36.73,29,4,2,79.85,219.21,11.23,47.13601685,0.729310632,30.26210785,38.18223572,51.73022842,123.2274094,70.90203094,47.77413177,47.86745453,52.6109314,528.7062378,3267.330811,3,3,3,2,1,4,4,3,3,2,2,1,1,4,2,2,46.33,
35.45,29,4,2,79.85,184.66,10.89,45.38751221,0.725409985,30.86945724,39.14728546,50.12664413,117.1342239,67.94212341,33.56890869,41.42299271,54.35680389,559.6607056,3089.588135,3,3,3,2,1,4,4,3,3,2,2,1,1,4,2,2,46.33,
28.66,29,4,2,79.85,239.42,11.61,40.84687805,0.722675383,29.51459885,38.42008209,54.33300781,122.8330994,62.16960526,27.01403046,41.73564911,48.4940033,547.7043457,3032.656982,2,3,3,2,1,4,3,3,3,2,2,1,1,3,2,2,54,
23.54,29,4,2,79.85,156.19,10.46,39.93264008,0.724379063,30.73147583,37.70354462,51.73707962,121.5088959,71.40768433,16.02697754,37.03201294,53.02879715,477.9522095,3147.557373,1,3,3,2,1,4,4,3,3,2,2,1,1,4,2,2,53,
29.77,29,4,2,79.85,179.62,11.67,40.58380127,0.723632097,30.64902878,38.90264511,53.17622757,124.9038696,69.08282471,28.42994881,47.23126221,52.88751221,496.5861816,3220.352051,2,3,3,2,1,4,4,3,3,2,2,1,1,4,2,2,49.67,
27.87,29,4,2,79.85,254.84,10.6,40.63722229,0.731715441,30.96188545,38.88158035,54.2362442,118.3994751,61.11071777,24.45787621,39.86110306,51.88300705,520.7042236,3039.840332,2,3,3,2,1,4,4,3,3,2,2,1,1,4,2,2,49.67,
26.62,29,4,2,79.85,189.73,11.09,40.34141541,0.719807744,30.85459709,38.22793579,52.39284897,126.9509583,62.04649353,20.58935165,44.26819992,48.91532898,488.4699707,3169.730225,2,3,3,2,1,4,4,3,3,2,2,1,1,3,2,2,51.33,
21.75,29,4,2,79.85,148.47,11.37,39.91579437,0.720861256,29.51791382,39.05837631,54.47513962,101.3583603,64.03885651,22.26426125,40.03718185,49.8481102,527.9214478,2971.915771,1,3,3,2,1,4,3,3,3,2,2,1,1,3,2,2,57.33,
23.31,29,4,2,79.85,187.94,11.7,39.78466034,0.73097986,31.38337898,37.86555099,53.42213821,116.4677048,63.25550461,21.6957531,42.84750748,49.24927521,508.6742554,3114.853516,1,3,3,2,1,4,4,3,3,2,2,1,1,3,2,2,54.67,
29.69,29,4,2,79.85,230.7,11.02,40.81925201,0.725351989,30.43022728,38.11722183,52.81935883,123.4747086,66.41390228,24.08038712,41.74187088,49.87794876,605.4258423,2934.533936,2,3,3,2,1,4,4,3,3,2,2,1,1,3,3,2,50.33,
28.49,29,4,2,79.85,284.32,11.17,40.07612228,0.719718397,29.89905739,38.48321915,55.6935463,110.920578,59.27104568,23.39682198,47.24548721,51.57817841,521.8903198,3086.156006,2,3,3,2,1,4,3,3,3,2,2,1,1,4,2,2,52.33,
25.53,29,4,2,79.85,243.08,11,40.02066422,0.7190817,30.40973282,37.9358139,54.0880928,117.1027374,76.1984787,21.57095718,43.68112564,54.07086563,523.3642578,3131.436279,2,3,3,2,1,4,4,3,3,2,2,1,1,4,2,2,49.67,
32.8,29,4,2,79.85,261.76,11.26,44.08309174,0.720044017,29.86584091,37.84329987,52.83520508,119.902298,63.97167969,28.33702087,54.81152344,54.52634048,510.0585632,3050.127441,2,3,3,2,1,4,3,3,3,2,2,1,1,4,2,2,52.33,
35.16,29,4,2,79.85,221.18,10.08,45.60458374,0.728708506,29.88923264,37.26671982,51.74616623,122.9199142,67.12060547,29.0607872,43.92821503,52.26334,574.1859741,3272.062012,3,3,3,2,1,4,3,3,3,2,2,1,1,4,3,2,48,
37.76,29,4,2,79.85,163.62,11.08,47.9026947,0.740279913,30.24980736,38.56694794,48.42191315,127.9007263,77.295578,40.02067947,45.15478134,54.01060867,558.9611206,3118.22998,3,3,3,2,1,4,4,3,3,2,2,1,1,4,2,2,46.33,
27.02,29,4,2,79.85,147.24,11.84,41.1125412,0.720459104,31.22518921,38.7700386,54.73462296,125.5430603,49.01195145,27.70913696,41.27893829,50.62713623,543.5317993,3015.761963,2,3,3,2,1,4,4,3,3,2,1,1,1,4,2,2,51,
29.39,29,4,2,79.85,276.11,10.53,40.87822342,0.720494509,30.40265274,38.78871155,53.40627289,114.7241516,72.92289734,27.07198715,42.6996727,48.02030182,512.6589355,3139.665771,2,3,3,2,1,4,4,3,3,2,2,1,1,3,2,2,51.33,
26.47,29,4,2,79.85,186.43,11.46,39.75656509,0.72141403,31.10797691,38.32636642,53.34292603,130.3840637,60.26782227,15.34475899,45.76290894,49.59928131,501.3209229,3068.4021,2,3,3,2,1,4,4,3,3,2,2,1,1,3,2,2,51.33,
27.45,29,4,2,79.85,299.05,11.63,40.3835907,0.718009293,30.53377914,38.40855026,52.13910294,104.4893341,64.69672394,25.54961777,46.86465454,50.13582993,540.3289795,2967.419922,2,3,3,2,1,4,4,3,3,2,2,1,1,4,2,2,49.67,
32.07,29,4,2,79.85,55.41,11,42.90514374,0.726655424,29.85559082,38.20546341,50.76530838,128.0498657,70.57717896,21.33943748,42.00931931,54.01929092,523.0059814,3082.313477,2,3,3,2,1,4,3,3,3,2,2,1,1,4,2,2,52.33,
27.74,29,4,2,79.85,158.98,10.66,40.09927368,0.721279442,30.24106789,37.98740768,53.50336456,129.3347626,61.18545532,25.3929882,42.86018372,50.67280579,519.9581299,3121.984619,2,3,3,2,1,4,4,3,3,2,2,1,1,4,2,2,49.67,
31.63,29,4,2,79.85,172.92,11.19,42.67801285,0.716540337,29.90343857,37.24039841,52.9166069,118.9889297,63.75822449,26.98621559,46.20917892,49.67645645,529.7166748,3033.974121,2,3,3,2,1,4,3,3,3,2,2,1,1,3,2,2,54,
22.25,29,4,2,79.85,239.85,10.66,40.25504684,0.721086264,30.56955338,38.39307404,53.0399437,127.2107849,74.96508789,22.64823723,46.3391571,52.18781662,524.7261963,2994.700928,1,3,3,2,1,4,4,3,3,2,2,1,1,4,2,2,53,
30.92,29,4,2,79.85,187.49,11.21,43.21138382,0.730245173,31.87960434,38.46886063,52.08600998,135.7644348,69.98214722,31.75661659,43.32875824,51.98968506,583.800415,3196.514893,2,3,3,2,1,4,4,3,3,2,2,1,1,4,3,2,48.67,
35.45,29,4,2,79.85,266.54,11.32,48.16324234,0.728454232,30.73534393,38.45278549,52.25491333,123.1619568,78.65384674,34.56716537,44.99499893,57.70807648,569.0794678,3260.44043,3,3,3,2,1,4,4,3,3,2,2,1,1,4,2,2,46.33,
29.41,29,4,2,79.85,214.93,11.68,40.23151398,0.726675451,31.2687397,38.4405899,53.67623138,118.8272476,69.44609833,26.46852684,45.88138962,48.83968735,515.3704224,3305.265137,2,3,3,2,1,4,4,3,3,2,2,1,1,3,2,2,51.33,
27.41,29,4,2,79.85,180.85,11.67,40.1842308,0.719236553,30.56285667,38.66371536,52.9693222,111.3500443,67.02246857,19.95799637,46.60771561,48.41728592,519.5933228,3043.706055,2,3,3,2,1,4,4,3,3,2,2,1,1,3,2,2,51.33,
28.7,29,4,2,79.85,191.63,10.66,40.63319397,0.719913125,29.95261955,37.61268616,53.48295212,127.012619,65.01544189,27.06550598,43.86880493,49.83121872,503.5897827,3017.525146,2,3,3,2,1,4,3,3,3,2,2,1,1,3,2,2,54,
32.85,29,4,2,79.85,135.91,11.28,43.20162964,0.726184785,29.84960175,39.12733078,51.39826965,119.0684967,61.08049393,26.15118027,46.95413971,52.19205093,541.0386353,3188.805176,2,3,3,2,1,4,3,3,3,2,2,1,1,4,2,2,52.33,
25.5,29,4,2,79.85,182.1,10.7,40.26906967,0.727073669,30.11733055,38.15319061,53.30808258,126.1288071,60.47721863,23.33109856,40.59348679,53.05117416,522.8137817,2966.083008,2,3,3,2,1,4,4,3,3,2,2,1,1,4,2,2,49.67,
42.99,29,4,2,79.85,229.74,11.43,55.39339447,0.734194458,28.13815308,37.49054718,52.46504974,147.026947,85.19783783,47.01818466,38.56235504,56.45928574,518.1842041,3320.938232,3,3,3,2,1,4,3,3,3,2,2,1,1,4,2,2,49,
24.01,29,4,2,79.85,192.99,10.67,39.79986191,0.711371899,30.62326431,37.74968719,53.12624741,120.2571869,70.16344452,16.7699604,42.86050034,49.27422333,505.710144,2982.655273,1,3,3,2,1,4,4,3,3,2,2,1,1,3,2,2,54.67,
39.73,29,4,2,79.85,160.44,11.63,49.34137726,0.728819072,30.34913063,38.03987885,49.13183975,130.9705658,80.70592499,42.72504425,47.87018585,55.40462112,508.4091797,3316.575684,3,3,3,2,1,4,4,3,3,2,2,1,1,4,2,2,46.33,
23.07,29,4,2,79.85,132.36,10.74,39.88854599,0.723196566,29.91953468,37.9307251,52.7638588,119.9988785,75.62648773,26.51374817,43.73729324,51.08668137,506.5947571,2999.051025,1,3,3,2,1,4,3,3,3,2,2,1,1,4,2,2,55.67,
24.54,29,4,2,79.85,274.28,11.65,40.1744957,0.715796053,29.32050323,39.79415131,53.47375107,112.7810059,59.94496155,32.89487839,49.03456879,49.22120285,540.8637085,2995.585205,1,3,3,2,1,4,3,3,3,2,2,1,1,3,2,2,57.33,
24.67,29,4,2,79.85,185.2,10.82,40.02590179,0.720439553,29.21936226,38.27597809,51.78982544,110.8385468,44.35099411,22.80354118,42.42502975,54.12039566,540.2698364,3148.9104,1,3,3,2,1,4,3,3,3,2,1,1,1,4,2,2,57,
28.46,29,4,2,79.85,171.92,11.29,40.19224548,0.713397264,29.33072662,38.25984192,54.71365738,122.7766418,55.22523117,23.0719986,46.30983734,53.82079697,544.4403076,2991.852539,2,3,3,2,1,4,3,3,3,2,2,1,1,4,2,2,52.33,
37.72,29,4,2,79.85,188.86,11.27,47.9005127,0.73564136,29.49537659,37.94722748,52.03983307,139.391983,62.09635925,34.48764038,47.60269928,52.46384811,544.3360596,3109.965332,3,3,3,2,1,4,3,3,3,2,2,1,1,4,2,2,49,
34.32,29,4,2,79.85,182.88,11.84,44.99576187,0.722485721,31.26504898,39.00170135,53.15229797,121.9696655,51.85525131,32.17251968,46.74143982,52.03034592,553.0803833,3220.90918,2,3,3,2,1,4,4,3,3,2,2,1,1,4,2,2,49.67,
24.09,29,4,2,79.85,163.83,11.53,40.14494324,0.71870923,30.72851181,38.09890747,54.31387711,113.1323013,70.35817719,15.21658421,49.32581329,50.82962418,534.534729,3125.365723,1,3,3,2,1,4,4,3,3,2,2,1,1,4,2,2,53,
